name,cost,max,scale,calories,protein,fats,carbs,fiber,ca,fe,mg,k,na,zn,vit_c,vit_d
Alaska Pollock (raw),1.82,1,153,78,17.3,0.99,0.06,0,40,0.24,22.8,353,115,0.43,0,0
Almond butter (creamy),0.0001,0,100,645,20.8,53,21.2,9.7,264,4.11,268,745,1,3.18,0,0
Almond milk (unsweetened)(plain)(refrigerated),0.3175,2,240,19,0.66,1.56,0.67,0.75,158,0.12,8.2,49,59,0.08,0,1.59
Almond milk (unsweetened)(plain)(shelf stable),0.3175,2,240,15,0.55,1.22,0.34,0.45,173,0.29,6.8,31,60,0.17,0,0.93
Anchovies (canned in olive oil)(with salt)(drained),2.37,1,56,206,26.9,9.85,2.41,0,240,2.69,228,298,5400,2.54,0,0
Apple juice (with added vitamin C)(from concetrate)(shelf stable),0.27,2,240,48,0.09,0.29,11.4,0,7,0.04,4.9,96,5,0,51.2,0
Apples (gala)(with skin)(raw),0.0001,10,100,61,0.13,0.15,14.8,2.1,7,0.06,4.9,106,0,0.02,0,0
Apples (granny smith)(with skin)(raw),0.0001,10,100,59,0.27,0.14,14.1,2.5,5,0.07,5.1,116,1,0.02,0,0
Apples (honeycrisp)(with skin)(raw),0.0001,10,100,60,0.1,0.1,14.7,1.7,4,0.1,4.2,98,0,0.02,0,0
Apples (red delicious)(with skin)(raw),0.0001,10,100,62,0.19,0.21,14.8,2,5,0.1,4.7,95,1,0.02,0,0
Applesauce (unsweetened)(with added vitamin C),0.0001,10,100,52,0.27,0.16,12.3,0,4,0.248,3.9,108,2.48,0.03,0,0
Apricot (with skin)(raw),0.386,2,62,48,0.96,0.4,10.2,1.5,12,0.16,8.9,231,2.5,0.15,3.1,0
Arugula (baby)(raw),1.48,2,71,31,1.65,0.32,5.37,2.3,204,1.39,42.6,407,87,0.35,101,0
Asparagus (green)(raw),1.134,1,85,28,1.44,0.22,5.1,1.9,21,0.44,13.8,278,2,0.6,9.2,0
Avocado (Hass)(peeled)(raw),0.3,1,100,223,1.81,20.3,8.32,0,14,0.61,32.8,576,2.49,0.46,4,0
Bananas (overripe)(raw),0.20,1,181,85,0.73,0.22,20.1,1.7,0,0,0,0,0,0,9.7,0
Bananas (ripe and slightly ripe)(raw),0.2,1,181,98,0.74,0.29,23,1.7,5,0.4,28,326,4,0.16,12.3,0
Beans (black)(canned)(sodium added)(drained and rinsed),0.122,2,65,118,6.91,1.27,19.8,6.69,43,1.69,32.5,253,218,0.74,0,0
Beans (cannellini)(canned)(sodium added)(drained and rinsed),0.122,2,65,115,7.41,1.17,18.8,6.76,69,1.4,29.3,203,165,0.52,0,0
Beans (great northern)(canned)(sodium added)(drained and rinsed),0.122,2,65,117,7.03,1.27,19.3,6.91,67,1.38,29.3,213,223,0.63,0,0
Beans (kidney)(dark red)(canned)(sodium added)(sugar added)(drained and rinsed),0.122,2,65,127,7.8,1.26,21,7.01,57,1.44,29.3,227,172,0.56,0,0
Beans (kidney)(light red)(canned)(sodium added)(sugar added)(drained and rinsed),0.122,2,65,127,7.31,1.3,21.4,7.4,60,1.3,25.5,209,158,0.53,0,0
Beans (navy)(canned)(sodium added)(drained and rinsed),0.122,2,65,119,6.57,1.4,20,6.58,64,1.6,29.6,184,190,0.63,0,0
Beans (pinto)(canned)(sodium added)(drained and rinsed),0.122,2,65,117,6.69,1.27,19.6,7.09,55,1.28,27.5,210,202,0.62,0,0
Beans (snap)(green)(canned)(regular pack)(drained solids),0.108,2,65,24,1.04,0.39,4.11,0,36,0.78,12.7,97,282,0.19,0,0
Beans (snap)(green)(raw),0.108,2,65,40,1.97,0.28,7.41,3,40,0.65,28.2,290,2.5,0.35,0,0
Beef (chuck)(roast)(boneless)(choice)(raw),1.83,3,85,232,18.4,17.8,0,0,5,2.06,17,281,48,5.39,0,0
Beef (flank)(steak)(boneless)(choice)(raw),2.31,3,85,164,20.1,9.4,0,0,4,1.83,18.9,167,51,5.56,0,0
Beef (ground)(80% lean meat / 20% fat)(raw),1.44,3,85,243,17.5,19.4,0,0,7,1.96,16.4,273,55,3.85,0,0
Beef (ground)(90% lean meat / 10% fat)(raw),1.38,3,85,185,18.2,12.8,0,0,7,2.13,16.5,281,62,4.19,0,0
"Beef (loin)(tenderloin roast)(seperable lean only)(boneless)(trimmed to 0"" fat)(select)(cooked)(roasted)",2.0175,0,85,168,27.7,6.36,0,0,13,3.04,13.7,352,54,3.7,0,0
Beef (ribeye)(steak)(boneless)(choice)(raw),2.788,3,85,254,18.7,20,0,0,4,1.64,16.7,288,43,4.06,0,0
"Beef (round)(eye of round roast)(boneless)(seperable lean only)(trimmed to 0"" fat)(select)(raw)",1.6575,3,85,116,23.4,2.48,0,0,13,1.37,11.4,312,50,3.38,0,0
"Beef (round)(top round roast)(boneless)(seperable lean only)(trimmed to 0"" fat)(select)(raw)",100000,0,85,116,23.7,2.41,0,0,13,2.34,11.9,316,55,3.54,0,0
Beef (round)(top round)(boneless)(choice)(raw),2.145,3,85,141,21.5,5.7,0.85,0,4,1.92,2.1,352,46,3.78,0,0
Beef (NY strip steak)(raw),2.6,3,85,190,21.3,11.5,0.22,0,5,1.61,19.5,323,43,3.28,0,0
"Beef (porterhouse steak)(seperable lean only)(trimmed to 1/8"" fat)(select)(raw)",2.7313,3,85,139,22.7,5.32,0,0,19,2.26,10.7,266,43,3.52,0,0
"Beef (t-bone steak)(bone-in)(seperable lean only)(trimmed to 1/8"" fat)(choice)(cooked)(grilled)",2.619,0,85,212,27.3,11.4,0,0,19,3.53,20,283,67,4.69,0,0
Beef (top sirloin steak)(raw),2.797,3,85,140,22,5.71,0.22,0,4,2.22,22.1,349,43,3.45,0,0
Beef (tenderloin steak)(raw),3.17,3,85,143,21.1,6.46,0.18,4,0,2.53,22,345,45,3.22,0,0
Beet greens (raw),100000,0,100,26,1.61,0.14,4.66,2.6,76,3.16,74.4,369,280,0.32,8.6,0
Beets (raw),0.222,1,120,45,1.69,0.3,8.79,3.1,14,0.43,21,342,112,0.31,4.6,0
Bison (ground)(raw),10000000,0,100,159,19.9,8.88,0,0,7,2.17,18.5,301,56,3.76,0,0
Blackeye pea (canned)(sodium added)(drained and rinsed),0.33,1,130,116,6.92,1.3,19.2,4.34,28,1.08,27.3,138,227,0.66,0,0
Blackeye pea (dry),0.047428,0,35,354,21.2,2.42,61.8,37.4,71,5.93,184,1240,3,3.65,0,0
Blueberries (raw),0.0001,10,100,64,0.7,0.31,14.6,0,12,0.34,6.2,86,2,0.09,8.1,0
Broccoli (raw),0.235,1,85,39,2.57,0.34,3.8,2.4,46,0.69,21,303,36,0.42,91.3,0
Brussels sprouts (raw),0.38,1,85,59,3.98,0.56,9.62,4.8,39,0.73,25,477,26,0.37,143,0
Buckwheat (whole grain),0.849,2,45,365,11.1,3.04,71.1,4,14,2.44,203,414,2.5,2.24,0,0
Bulgur (dry)(raw),10000,0,100,372,11.8,2.42,75.9,11.7,34,2.62,119,358,2,2.15,0,0
Butter (stick)(salted),0.095625,4,14,739.8,0,82.2,0,0,21,0.06,1.6,23,524,0.07,0,0.4
Butter (stick)(unsalted),0.095625,4,14,733.5,0,81.5,0,0,14,0.03,1.6,19,10,0.07,0,0
Buttermilk (low fat),0.68,0,240,43,3.46,1.08,4.81,0,120,0.01,11,158,92,0.43,0,0.54
Cabbage (bok choy)(raw),0.57,1,135,20,1.02,0.23,3.51,1.3,62,0.44,13.6,228,14,0.27,30.3,0
Cabbage (green)(raw),0.45,1,135,31,0.96,0.23,6.38,0,42,0.07,13.9,207,16,0.21,40.3,0
Cabbage (red)(raw),0.34,1,135,34,1.24,0.21,6.79,0,31,0.25,13.3,269,12,0.24,53.9,0
Carrots (baby)(raw),0.249,1,85,41,0.8,0.14,9.08,2.7,42,0.09,11.1,237,63,0.16,0,0
Carrots (frozen)(unprepared),0.246,1,85,39,0.81,0.47,7.79,3.2,33,0.43,10.8,210,66,0.28,2.2,0
Carrots (mature)(raw),0.246,1,85,48,0.94,0.35,10.3,3.1,30,0.15,12.4,280,87,0.24,0,0
Cauliflower (raw),0.29,1,85,28,1.64,0.24,4.72,1.9,20,0.33,14.2,274,20,0.23,61.1,0
Celery (raw),0.255,2,22,17,0.49,0.16,3.32,3.32,46,0.25,10.9,265,97,0.09,0,0
Cheese (cheddar),0.234,3,28,409,23.3,34,2.44,0,707,0.16,26.8,77,654,3.67,0,0
Cheese (cojita)(solid),0.434,3,28,351,23.8,27.2,2.72,0,700,0.4,29.9,117,1620,3.6,0,0
Cheese (cottage)(lowfat)(2% milkfat),0.12,3,28,82,11,2.3,4.31,0,103,0.13,8.9,120,321,0.61,0,0
Cheese (dry white)(queso seco),1000000,0,28,325,24.5,24.3,2.07,0,661,0.18,26.7,116,1810,3.28,0,0
Cheese (feta)(whole milk)(crumbled),0.66,3,28,273,19.7,19.1,5.58,0,371,0.07,17.7,105,1030,2.35,0,0.2
Cheese (monterey jack)(solid),0.224,3,28,392,22.6,32.6,1.9,0,715,0.4,29.6,83,662,3.78,0,0.2
Cheese (oaxaca)(solid),0.386,3,28,297,22.1,22.1,2.4,0,532,0.4,21.6,81,734,3.51,0,0.2
Cheese (parmesan)(grated),0.715,3,28,420,29.6,28,12.4,0,884,0.45,34.9,184,1750,4.33,0,0
Cheese (parmesan)(grated)(refrigerated),0.373,3,28,403,30.1,29.5,4.33,0,950,0.14,35.4,74,1050,4.62,0,0.2
Cheese (american),0.155,1,28,310,15.6,23.9,8.19,0,1500,1.3,34.6,212,1420,2.38,0,4.42
Cheese (provolone)(sliced),0.209,0,28,357,23.4,28.1,2.4,50,749,0.4,29.5,95,601,3.89,0,0.2
Cheese (queso fresco)(solid),0.267,3,28,298,18.9,23.4,2.96,0,602,0.4,27.6,126,626,2.91,0,0
Cheese (ricotta)(whole milk),0.178,3,28,158,7.81,11,6.86,0,224,0.1,19.7,230,105,0.56,0,0
Cheese (swiss),0.209,0,28,393,27,31,1.44,0,890,0.13,33.4,71,185,4.37,0,0
Cherries (sweet)(dark red)(raw),0.4387539,2,40,71,1.04,0.19,16.2,0,12,0.11,12.1,230,2.5,0.06,10.4,0
Chia seeds (dry)(raw),0.0001,0,100,517,17,32.9,38.3,0,595,6.04,326,642,16,5.56,0,0
Chicken (breast)(boneless)(skiness)(raw),0.6425,3,84,106,22.5,1.93,0,0,4,0.35,26.2,330,66,0.65,0,0
Chicken (breast)(meat and skin)(raw),6.25,0,84,127,21.4,4.78,0,0,7,0.35,25.4,332,48,0.62,0,0
Chicken (broilers or fryers)(breast)(skinless)(boneless)(meat only)(cooked)(braised),0.6425,0,84,158,32.1,3.24,0,0,6,0.49,32,343,47,0.96,0,0
Chicken (broilers or fryers)(drumstick)(meat only)(cooked)(braised),0.3175,0,84,149,23.9,5.95,0,0,12,0.94,22.4,239,117,2.54,0,2
Chicken (drumstick)(meat and skin)(raw),0.3175,0,84,125,18.4,5.94,0,0,8,0.67,18.6,244,91,1.7,0,0
Chicken (ground)(with additives)(raw),0.93,0,84,133,17.9,7.16,0,0,6,0.59,20.5,302,63,1.18,0,0
Chicken (thigh)(boneless)(skinless)(raw),0.93,0,84,144,18.6,7.92,0,0,6,0.6,21.8,272,62,1.35,0,0
Chicken (thigh)(meat and skin)(raw),0.44,0,84,188,17.1,13.4,0,0,6,0.59,18.5,246,64,1.2,0,0
Chicken (wing)(meat and skin)(raw),0.66,0,84,168,18.4,10.6,0,0,14,0.51,16.5,194,84,1.18,0,0
Chickpeas (garbanzo beans bengal gram)(canned)(sodium added)(drained and rinsed),0.245,0,130,137,7.02,3.1,20.3,5.92,40,1.04,28.4,137,202,0.72,0,0
Chickpeas (garbanzo beans bengal gram)(dry),0.112,0,35,383,21.3,6.27,60.4,0,111,5.09,135,1070,9,3.12,0,0
Cod (Pacific or Alaskan)(frozen)(wild caught),2.75625,1,113,61,14.2,0.22,0.52,0,9,0.25,17.9,192,354,0.27,0,0
Collards (raw),0.314,1,85,47,2.97,0.77,7.02,3.8,276,0.75,49.5,410,18,0.46,89.4,0
Cookies (oatmeal)(sof)(with raisins),0.138,2,32,430,5.79,14.3,69.6,3.3,29,2.28,32.4,245,314,0.62,0,0
Corn (sweet)(yellow and white kernels)(fresh)(raw),0.0001,0,100,85,2.79,1.63,14.7,2.4,1,0.39,25.8,237,2.5,0.56,0,0
Cranberry juice (not fortified)(from concetrate)(shelf stable),0.0001,10,100,32,0,0.34,7.26,0,7,0.13,4.4,71,6,0.04,0.63,0
Cream cheese (full fat)(block),0.185625,2,28,343,5.79,33.5,4.56,0,97,0.4,8.9,125,368,0.59,0,0
Cream (heavy),0.0925,4,15,343,2.02,35.6,3.8,0,61,0.4,6,97,21,0.22,0,0
Cream (sour)(full fat),0.161739,2,30,196,3.07,18,5.56,0,107,0.4,10.1,154,50,0.39,0,0
Crustaceans (crab)(blue swimming)(lump)(pasteurized)(refrigerated),74,1,100,81,18.6,0.81,0,0,111,0.63,43.1,235,331,3.48,0,0
Cucumber (with peel)(raw),0.39,1,85,16,0.62,0.18,2.95,0,16,0.25,10.1,170,2,0.2,0,0
Egg (white)(dried),0.06,0,25,350,79.9,0.65,6.02,0,104,0,87.6,959,1250,0.43,0,0
Egg (white)(raw)(frozen)(pasteurized),0.06,0,25,45,10.1,0.16,0.74,0,9,0.18,10.6,130,144,0.02,0,0
Egg (whole)(dried),0.12,0,50,558,48.1,39.8,1.87,0,220,6.97,44.6,468,485,5.02,0,9.7
Egg (whole)(raw)(frozen)(pasteurized),0.12,0,50,146,12.3,10.3,0.91,0,55,1.77,11.2,117,121,1.2,0,2.3
Egg (yolk)(dried),0.06,0,25,641,34.2,55.5,1.07,0,270,9.28,26,231,149,7.11,0,15.7
Egg (yolk)(raw)(frozen)(pasteurized),0.06,0,25,291,15.6,25.1,0.59,0,119,4.13,11.2,102,66,2.93,0,5.8
Eggplant (raw),0.31125,1,85,26,0.85,0.12,5.4,2.4,11,0.25,13.5,222,0,0.12,0.8,0
Eggs (Grade A)(Large)(egg white),0.06,0,25,52,10.7,0.08,2.36,0,0,0,0,0,0,0,0,0
Eggs (Grade A)(Large)(egg whole),0.12,2,50,143,12.4,9.96,0.2,0.75,48,1.67,11.4,132,129,1.24,0,2.46
Eggs (Grade A)(Large)(egg yolk),0.06,0,25,328,16.2,28.8,1.02,0,0,0,0,0,0,0,0,0
Einkorn (grain)(dry)(raw),0.0001,0,100,369,15.1,3.81,68.6,8.9,41,3.69,140,432,16,5.23,0,0
Farro (pearled)(dry)(raw),1.97,2,100,367,12.6,3.1,72.1,7.3,26,3.2,119,385,1,3.97,0,0
Fennel (bulb)(raw),1000000,0,100,27,0.92,0.14,5.49,2,41,0.25,15,332,49,0.14,14.7,0
Figs (dried)(uncooked),1.111666,1,40,277,3.3,0.92,62.8,9.8,162,2.03,67.6,680,10,0.66,1.2,0
Fish (catfish)(farm raised)(raw),2.215,2,113,129,16.5,7.31,0,0,8,0.25,20.6,292,61,0.47,0,0
Fish (cod)(Atlantic)(wild caught)(raw),2.75625,1,113,66,16.1,0.67,0,0,7,0.06,18,245,299,0.31,0,0
Fish (haddock)(raw),3.5,1,113,69,16.3,0.45,0,0,11,0.17,21.1,286,213,0.32,0,0.5
Fish (salmon)(Atlantic)(farm raised)(raw),3.12,2,113,197,20.3,13.1,0,0,9,0.26,25.4,378,49,0.34,0,0
Fish (salmon)(sockeye)(wild caught)(raw),4.67,2,113,130,22.3,4.94,0,0,15,0.4,26.2,330,53,0.42,0,0
Fish (tilapia)(farm raised)(raw),1.36,2,113,95,19,2.48,0,0,9,0.25,24.3,342,94,0.3,0,0
Fish (tuna)(light)(canned in water)(drained solids),0.96,1,113,85,19,0.94,0.08,0,18,1.67,22.7,176,219,0.66,0,1.2
Flaxseed (ground),0.0001,0,100,545,18,37.3,34.4,23.1,230,5.78,372,793,37,4.74,0,0
Fonio (grain)(dry)(raw),1.285,2,32,369,7.17,1.69,81.3,2.2,12,2.66,39.1,44,3,1.85,0,0
Frankfurter (beef)(unheated),0.125,0,42,310,11.7,28,2.89,0,15,1.14,11.5,343,872,2.06,0,0
Grape juice (purple)(with added vitamin C)(from concetrate)(shelf stable),0.4725,2,240,66,0.26,0.29,15.6,0,10,0.04,7.9,50,4,0.06,45.6,0
Grape juice (white)(with added vitamin C)(from concetrate)(shelf stable),0.37125,2,240,66,0.09,0.26,15.8,0,7,0.12,4.3,49,7,0.02,55.2,0
Grapefruit juice (red)(not fortified)(not from concetrate)(refrigerated),0.4175,2,240,41,0.57,0.27,9.1,0,9,0.02,7.7,128,1,0.03,24.1,0
Grapefruit juice (white)(canned or bottled)(unsweetened),0.4175,2,240,39,0.55,0.7,7.59,0.2,16,0.07,9.6,141,1,0.04,39.4,0
Grapes (green)(seedless)(raw),0.197,3,45,80,0.9,0.23,18.6,0,10,0.2,7.1,218,3,0.03,3,0
Grapes (red)(seedless)(raw),0.187,3,45,86,0.91,0.16,20.2,0,10,0.16,8.6,229,7,0.04,3.3,0
Halibut (frozen)(wild caught),32,1,170,81,19.1,0.59,0,0,4,0.25,23.1,430,108,0.33,0,0
Ham (sliced)(pre-packaged)(deli meat)(96% fat free water added),0.74625,0,56,1010,16.7,3.73,0.27,0,5,0.58,18.8,425,1020,1.52,0,0
Ham (sliced)(restaurant),0.753,0,56,121,19.6,3.68,2.36,0,6,0.86,20.3,484,1030,1.76,0,0
Hummus (comercial),0.287,5,28,243,7.35,17.1,13.9,5.4,41,2.41,71.1,289,438,1.38,0,0
Kale (frozen)(cooked)(boiled)(drained)(without salt),0.3925,1,85,44,2.94,1.21,5.3,0,150,0.84,25,144,16,0.27,17.8,0
Kale (raw),0.3925,1,85,43,2.93,1.49,4.42,4.1,254,1.6,32.7,348,53,0.39,93.4,0
Ketchup (restaurant),0.042,3,17,117,1.11,0.55,26.8,0,14,0.43,13.5,249,949,0.16,0,0
Khorasan (grain)(dry)(raw),0.0001,0,100,371,14.8,2.8,71.8,10.5,24,3.87,130,450,4,4.46,0,0
Kiwifruit (kiwi)(green)(peeled)(raw),0.432,2,85,65,1.01,0.64,13.8,2.1,24,0.04,14.8,302,2,0.45,58.8,0
Kiwifruit (green)(raw),0.432,2,85,64,1.06,0.44,12,3,35,0.24,15.7,198,5,0.14,74.7,0
Lamb (ground)(raw),2.115,1,112,237,17.5,18.6,0,0,7,1.64,17.5,272,53,3.13,0,0
Lentils (dry),0.0001,0,100,360,23.6,1.92,62.2,0,62,7.16,107,949,2.5,3.86,0,0
Lettuce (cos or romaine)(raw),0.928,1,85,20,1.24,0.26,3,1.8,35,0.95,13.7,253,0,0.25,4.6,0
Lettuce (iceberg)(raw),0.928,1,85,17,0.74,0.07,3.37,0,14,0.03,6.3,139,16,0.17,0,0
Lettuce (leaf)(green)(raw),1.535,1,85,22,1.09,0.16,4.07,0,40,0.32,12.8,277,29,0.31,15.2,0
Lettuce (leaf)(red)(raw),1000000,0,85,18,0.88,0.11,3.26,0,43,0.4,12.4,321,25,0.3,9.3,0
Lettuce (romaine)(green)(raw),0.928,1,85,21,0.98,0.07,4.06,0,28,0.27,12,260,23,0.25,0,0
Lobster (tail only)(frozen)(wild caught),4.496,2,85,59,13,0.37,0.89,0,72,0.17,39,213,509,1.54,0,0
Mahi mahi (frozen)(wild caught),3.65,1,112,84,19.8,0.38,0.29,0,6,0.05,28,408,52,0.3,0,0
Mandarin (seedless)(peeled)(raw),0.29866,2,88,62,1.04,0.46,13.4,1.3,44,0.25,12.6,167,2.5,0.07,21.2,0
Mango (ataulfo)(peeled)(raw),0.57,2,70,78,0.69,0.68,17.4,1.3,10,0.249,10.6,204,2.49,0.1,168,0
Mango (tommy atkins)(peeled)(raw),0.57,2,70,68,0.56,0.57,15.3,1.8,12,0.249,10.3,165,2.49,0.07,25.5,0
Melons (cantaloupe)(raw),0.909,1,85,38,0.82,0.18,8.69,0.8,9,0.38,13,157,30,0.44,10.9,0
Melons (honeydew)(raw),0.909,1,85,37,0.53,0.22,8.15,0,7,0.249,9.5,209,21,0.06,15.7,0
Milk (lowfat)(fluid)(1% milkfat)(with added vitamin A and vitamin D),0.22,2,240,43,3.38,0.95,5.18,0,126,0,12,103,39,0.43,0,1.06
Milk (nonfat)(fluid)(with added vitamin A and vitamin D)(fat free or skim),0.22,2,240,34,3.43,0.08,4.92,0,132,0,12.5,167,41,0.45,0,1.1
Milk (reduced fat)(fluid)(2% milkfat)(with added vitamin A and vitamin D),0.22,2,240,50,3.36,1.9,4.9,0,126,0,12,103,39,0.43,0,1.13
Milk (whole)(3.25% milkfat)(with added vitamin D),0.22,2,240,61,3.27,3.2,4.63,0,123,0,11.9,150,38,0.42,0,0.96
Millet (whole grain),0.54444,2,45,376,10,4.19,74.4,2.6,9,2.53,106,214,2.5,2.26,0,0
Mushroom (beech),100000,0,56,40,2.18,0.45,6.76,3.1,0,0.74,10.5,376,1,0.5,0,0.37
Mushroom (crimini),0.56,2,56,30,3.09,0.2,4.01,1.8,4,0.31,10.2,380,5,0.51,0,0
Mushroom (enoki),10,0,56,44,2.42,0.24,8.14,2.9,1,1.28,12.8,402,2.49,0.48,0,0
Mushroom (king oyster),13.51,0,28,46,2.41,0.31,8.5,3,2.49,0.34,13.5,294,1,0.63,0,0.07
Mushroom (lions mane),100000,0,56,43,2.5,0.26,7.59,4.4,2.5,0.69,11.7,443,0,0.74,0,0.02
Mushroom (maitake),5.32,0,56,38,2.2,0.26,6.6,3.1,2.49,0.21,11,260,0,0.76,0,1.6
Mushroom (oyster),14.995,0,56,41,2.9,0.19,6.94,2.8,2.5,0.7,13.9,282,1,0.68,0,0.04
Mushroom (pioppini),14.99,0,56,39,3.5,0.24,5.76,2.8,2.49,0.49,16,392,2.49,0.86,0,0
Mushroom (portabella),1.04,2,56,32,2.75,0.31,4.66,1.9,3,0.14,9,349,5,0.39,0,0
Mushroom (shiitake),6.79,0,56,44,2.41,0.2,8.17,4.2,1,0.14,14.1,243,1,0.76,0,0.06
Mushroom (white button),0.47,2,56,31,2.89,0.37,4.08,1.7,5,0.23,10.2,373,6,0.51,0,0.02
Mustard (prepared)(yellow),0.008,0,5,69,4.25,3.38,6.39,4.3,63,1.59,47.7,150,1100,0.64,0,0
Nectarines (raw),0.97,2,142,43,1.06,0.28,9.42,1.5,2,0.3,8.8,26,13,0.21,2.9,0
Nuts (almonds)(dry roasted)(with salt added),0.49,2,28,667,20.4,57.8,16.2,11,273,3.17,258,684,256,2.8,0,0
Nuts (almonds)(whole)(raw),0.49,2,28,626,21.4,51.1,20,10.8,254,3.74,258,733,2.5,2.86,0,0
Nuts (brazilnuts)(raw),1.56,2,32,664,15,57.4,21.6,6,168,2.47,351,592,2.5,3.82,0,0
Nuts (cashew nuts)(raw),0.36925,2,28,565,17.4,38.9,36.3,4.1,42,5.99,251,638,5,5.07,0,0
Nuts (hazelnuts or filberts)(raw),1.37125,2,28,641,13.5,53.5,26.5,8.4,135,3.46,156,636,2.5,2.33,0,0
Nuts (macadamia)(raw),0.792,4,28,712,7.79,64.9,24.1,7.6,53,1.88,107,373,2.5,1.2,0,0
Nuts (pecans)(halves)(raw),0.810625,2,28,750,9.96,73.3,12.7,5.8,55,2.37,103,360,2.5,3.93,0,0
Nuts (pine nuts)(raw),2.68,3,28,689,15.7,61.3,18.6,3.9,9,5.36,206,655,2.5,5.71,0,0
Nuts (pistachio nuts)(raw),1.11333,4,28,598,20.5,45,27.7,7,117,3.46,110,947,2.5,2.18,0,0
Nuts (walnuts)(english)(halves)(raw),0.66,4,28,730,14.6,69.7,10.9,5.2,88,2.24,142,424,2.5,2.76,0,0
Oat milk (unsweetened)(plain)(refrigerated),0.66,2,240,48,0.8,2.75,5.1,0.75,148,0.26,5.9,148,42,0.09,0,1.7
Oats (whole grain)(rolled)(old fashioned),0.13933,3,40,382,13.5,5.89,68.7,10.4,46,4.34,126,350,1,2.74,0,0
Oats (whole grain)(steel cut),0.35733,3,40,381,12.5,5.8,69.8,12,51,3.8,129,376,2.5,2.84,0,0
Oil (olive),0.18,10,15,895,0,99.1,0.84,0,1,0.05,0,0,0,0.02,0,0
Onions (red)(raw),0.2475,1,85,44,0.94,0.1,9.93,2.2,17,0.24,11.4,197,1,0.17,0,0
Onions (white)(raw),0.219,1,85,36,0.89,0.13,7.68,1.2,21,0.15,9.3,141,2,0.12,0,0
Onions (yellow)(raw),0.1575,1,85,38,0.83,0.05,8.61,1.9,15,0.28,9,182,1,0.2,8.2,0
Orange juice (no pulp)(not fortified)(from concetrate)(refrigerated),0.775,2,240,47,0.73,0.32,10.3,0,13,0.06,10.6,180,5,0.03,26.9,0
Orange juice (no pulp)(not fortified)(not from concetrate)(refrigerated),0.775,2,240,47,0.81,0.36,10,0,9,0.07,10.3,183,0,0.03,30.5,0
Oranges (raw)(navels),0.77,2,140,52,0.91,0.15,10.6,2,43,0.33,10.7,166,9,0.11,59.1,0
Parsnips (raw),0.708,1,85,87,1.27,0.54,19.3,5.4,44,0.51,22,493,0,0.33,11.8,0
Peaches (yellow),0.537,1,85,46,0.91,0.27,9.87,1.5,4,0.34,8,122,13,0.23,4.1,0
Peanut butter (creamy),0.2128,2,33,632,24,49.4,22.7,6.3,50,1.85,193,654,221,3.06,0,0
Peanuts (raw),0.16125,2,28,588,23.2,43.3,26.5,8,49,1.55,180,636,1,2.78,0,0
Pear (anjou)(green)(with skin)(raw),0.0001,10,100,64,0.31,0.37,14.8,2.6,10,0.25,6.5,122,0,0.11,5.5,0
Pears (raw)(bartlett),0.0001,10,100,63,0.38,0.16,15.1,3.1,8,0.17,5.7,87,7,0.07,4.4,0
Peas (green)(sweet)(canned)(sodium added)(sugar added)(drained and rinsed),0.245,1,85,80,4.73,1.15,12.7,5.95,28,1.14,21.9,109,207,0.71,0,0
Peppers (banana or hungarian wax)(seeded)(raw),0.328,2,28,24,0.72,0.13,4.97,1.8,10,0.16,10.2,177,2.5,0.13,112,0
Peppers (bell)(green)(raw),0.86,1,119,23,0.72,0.11,4.78,0,7,0.19,9,163,2.49,0.13,99.5,0
Peppers (bell)(orange)(raw),1.46,1,119,32,0.88,0.16,6.7,1,5,0.37,10.4,201,2.49,0.24,158,0
Peppers (bell)(red)(raw),1.52,1,119,31,0.9,0.13,6.65,1.2,6,0.35,11,213,2.5,0.2,142,0
Peppers (bell)(yellow)(raw),1.46,1,119,31,0.82,0.12,6.6,1.1,7,0.36,10.3,197,2.5,0.19,139,0
Peppers (jalepeno)(seeded)(raw),0.49,2,20,24,0.62,0.15,5.08,1.7,10,0.04,8.9,167,2.5,0.09,89.9,0
Peppers (poblano)(seeded)(raw),0.6,1,105,28,1.43,0.19,5.14,2.1,8,0.12,10.7,192,2.5,0.13,128,0
Peppers (serrano)(seeded)(raw),0.2,2,75,29,0.86,0.14,6.14,2.5,13,0.06,12.7,224,2.5,0.14,94.6,0
Pickles (cucumber)(dill or kosher dill),0.3625,5,28,14,0.48,0.43,1.99,1,54,0.23,7.1,112,808,0.11,2.1,0
Pineapple (raw),0.994,1,85,60,0.46,0.21,14.1,0.9,12,0.05,13.4,137,2.5,0.11,58.6,0
Plantains (overripe)(raw),0.68,1,200,130,1.17,0.99,29.2,1.8,4,0.31,31.7,408,2.5,0.15,19.1,0
Plantains (ripe)(raw),0.68,1,200,136,1.16,0.89,31,2.1,4,0.32,33.9,396,2.5,0.15,20.1,0
Plantains (underripe)(raw),0.68,1,200,145,1.23,0.68,33.6,2.5,5,0.33,35,406,2.5,0.18,18.5,0
Plum (black)(with skin)(raw),0.1085454,6,8,59,0.58,0.28,13.5,1.3,4,0.25,6.6,186,2.5,0.05,1.8,0
Pork (belly)(with skin)(raw),0.87,0,85,380,15.2,35.8,0,0,4,0.38,12.2,208,50,1.07,0,0
Pork (chop)(center cut)(raw),1.023,0,85,138,22.8,5.48,0,0,4,0.42,23.4,366,39,1.32,0,0
Pork (ground)(raw),0.81,0,85,228,17.8,17.5,0,0,6,0.79,19,318,54,2.23,0,0
Pork (loin)(boneless)(raw),0.40125,0,85,168,21.1,9.47,0,0,4,0.45,22,361,40,1.57,0,0
Pork (loin)(tenderloin)(boneless)(raw),0.744,0,85,119,21.6,3.9,0,0,5,0.93,24.7,397,41,1.77,0,0
Potatoes (gold)(without skin)(raw),0.3195,2,170,73,1.81,0.26,16,13.8,6,0.37,22.3,446,2,0.37,23.3,0
Potatoes (red)(without skin)(raw),0.325,2,160,76,2.066,0.25,16.3,13.8,5,0.39,23.6,56,3,0.39,21.3,0
Potatoes (russet)(without skin)(raw),0.2208,2,180,83,2.27,0.36,17.8,14.9,8,0.38,25.6,450,3,0.38,10.9,0
Radicchio (raw),10000000,0,100,26,1.31,0.14,4.96,2.1,31,0.4,13,335,8,0.2,6.2,0
Radishes (red)(raw),0.969,1,85,20,0.66,0.08,4.06,1.3,22,0.25,8.9,198,51,0.1,17.8,0
Raspberries (raw),1.46,1,85,57,1.01,0.19,12.9,2.68,16,0.45,19.2,156,2.5,0.22,23,0
Rice (black)(unenriched)(raw),3.86203,1,100,370,7.57,3.44,77.2,4.2,14,1.12,113,256,2.5,1.72,0,0
Rice (brown)(long grain)(unenriched)(raw),0.0835,1,100,366,7.25,3.31,76.7,3,8,1.24,115,250,2.5,1.85,0,0
Rice (red)(unbleached)(dry)(raw),0.83841,1,100,370,8.56,3.44,76.2,4.2,9,1.2,126,245,16,2.56,0,0
Rice (white)(long grain)(unenriched)(raw),0.0001,10,100,359,7.04,1.03,80.3,0.1,4,0.14,26.5,82,0,1.35,0,0
Salt (table)(iodized),0.017,1,15,0,0,0,0,0,50,0,0,2,38700,0,0,0
Sauce (salsa)(ready-to-serve),0.67,2,30,34,1.44,0.19,5.66,1.8,28,0.42,15.2,258,656,0.2,0,0
Sausage (breakfast sausage)(beef)(pre-cooked)(unprepared),0.72,0,55,341,13.3,28.7,3.37,0,35,1.55,19.7,263,866,2.14,19.2,0
Sausage (italian)(pork)(mild)(cooked)(pan-fried),0.653,0,55,317,18.2,26.2,2.15,0,12,1.29,18.6,310,766,2.41,0,0
Sausage (pork)(chorizo)(link or ground)(cooked)(pan-fried),0.428,0,70,346,19.3,28.1,2.63,0,37,2.34,30.1,435,983,2.19,0,0
Sausage (turkey)(breakfast links)(mild)(raw),0.6866,0,70,164,16.7,10.4,0.93,0,32,1.17,18.9,310,599,2.58,0,0
Scallops (bay)(patagonian)(frozen)(wild caught),5.49,2,112,78,16.4,0.42,2.28,0,14,0.17,46.4,292,252,1.02,0,0
Scallops (sea)(frozen)(wild caught),1.6075,2,112,66,13.5,0.49,1.97,0,11,0.21,30.6,245,313,1,0,0
Sea bass (Chilean)(frozen)(wild caught),14.54,1,85,209,14.9,16.6,0.14,0,7,0.25,16.6,236,109,0.29,0,0
Seeds (pumpkin)(raw),0.7925,1,37,555,29.9,40,18.7,5.1,37,8.36,265,691,510,6.34,0,0
Seeds (sunflower)(dry roasted)(with salt),0.172,1,30,657,21,56.1,14.9,10.3,78,5.21,358,689,532,6,0,0
Seeds (sunflower)(raw),0.172,1,30,609,18.9,48.4,24.5,7.2,116,4.37,302,657,2.5,5.58,0,0
Sesame butter (creamy),0.0001,0,100,697,19.7,62.4,14.2,8.4,116,7,357,408,64,6.04,0,0
Snapper (frozen)(wild caught),3.49,1,112,90,20.7,0.57,0.44,0,14,0.2,27.5,349,93,0.36,0,0
Snow crab (legs only)(frozen),7.24,1,84,69,15.5,0.29,1.11,0,98,0.28,58.4,193,728,3.37,0,0
Sorghum bran (white)(unenriched)(dry)(raw),0.0001,0,100,403,11.1,9.26,68.7,35,62,14.2,274,852,3,4.4,0,0
Sorghum flour (white)(pearled)(unenriched)(dry)(raw),0.0001,0,100,364,10.2,3.24,73.5,3.3,8,2.22,107,274,2.5,1.32,0,0
Sorghum grain (white)(pearled)(unenriched)(dry)(raw),0.0001,0,100,370,10.2,3.26,74.9,3.9,7,2.04,109,274,2.5,1.28,0,0
Sorghum (whole grain)(white)(dry)(raw),0.0001,0,100,373,10.1,4.22,73.6,8.3,15,3.9,136,367,0,1.77,0,0
Soy milk (sweetened)(plain)(refrigerated),0.49625,2,240,41,2.78,1.96,3,0.75,155,0.37,17.5,118,39,0.26,0,0
Soy milk (unsweetened)(plain)(shelf stable),0.49625,2,240,38,3.55,2.12,1.29,0.45,101,0.54,21.5,158,34,0.31,0,0.68
Spinach (baby),1.09,2,85,27,2.85,0.62,1.56,1.6,68,1.26,92.9,582,111,0.45,26.5,0
Spinach (mature),0.56,2,85,28,2.91,0.6,2.64,1.6,67,1.05,93,460,107,0.42,30.3,0
Zucchini,0.27375,1,85,19,0.98,0.2,3.27,0.8,21,0.19,15.3,226,2.5,0.26,15,0
Squash (yellow)(includes skin)(raw),0.2775,1,85,22,0.89,0.14,4.39,1,23,0.14,16.8,220,2.5,0.2,17,0
Squash (acorn)(raw),0.288,1,85,49,1.25,0.18,10.5,2.6,25,0.31,23.8,332,2.5,0.29,7,0
Squash (butternut),0.288,1,85,48,1.15,0.17,10.5,2,22,0.21,15,329,2.5,0.19,7.6,0
Squid (calamari)(frozen),10000000,0,100,44,8.81,0.55,0.93,0,11,0.25,10.5,9,272,0.53,0,0
Strawberries (raw),0.444,2,85,36,0.64,0.22,7.96,0,17,0.26,12.5,161,2,0.11,59.6,0
Sugars (granulated),0.0001,10,100,401,0,0.32,99.6,0,1,0.05,0.3,2,1,0.01,0,0
Sweet potatoes (orange flesh)(without skin)(raw),0.348,1,85,79,1.58,0.38,17.3,4.44,22,0.4,19.1,487,2.5,0.34,14.8,0
Swordfish (frozen)(wild caught),1000000,0,100,152,19.2,8.12,0.45,0,4,0.1,26.7,414,57,0.54,0,0
Tomato juice (with added ingredients)(from concetrate)(shelf stable),0.3225,0,240,23,0.86,0.29,4.32,0,10,0.3,10.4,198,236,0.1,49.8,0
Tomato (paste)(canned)(without salt added),0.172,2,33,104,4.23,0.73,20.2,4.7,37,3.18,49.6,972,61,0.51,18.4,0
Tomato (puree)(canned),0.14,2,63,41,1.58,0.26,8.04,2,18,1.24,19.3,416,29,0.21,10.4,0
Tomato (roma),0.32,3,70,22,0.7,0.42,3.84,1,10,0.1,8.1,193,2.5,0.08,17.8,0
Tomato (sauce)(canned)(with salt added),0.12,2,63,34,1.35,0.38,6.33,1.6,17,1.11,18.7,356,417,0.18,9.2,0
Tomatoes (canned)(red)(ripe)(diced),0.32,3,121,21,0.84,0.5,3.32,0,30,0.57,9.8,198,125,0.12,0,0
Tomatoes (crushed)(canned),0.11,3,61,38,1.4,0.4,7.14,1.9,19,2.27,18.6,346,140,0.2,9.1,0
Tomatoes (grape)(raw),0.89,1,85,31,0.83,0.63,5.51,2.1,11,0.33,11.9,260,6,0.2,27.2,0
Tomatoes (whole)(canned)(solids and liquids)(with salt added),0.274,3,121,22,0.87,0.21,4.29,0.9,20,0.93,10.8,203,112,0.12,7.7,0
Tuna (ahi or yellowfin)(frozen)(wild caught),1.855,1,112,102,24.7,0.39,0,0,3,0.59,35.5,420,94,0.35,0,0
Turkey (ground)(93% lean 7% fat)(raw),1.365,2,112,153,17.3,9.59,0,0,24,1.09,17.3,246,80,2.95,0,0
Turnips (raw),0.49875,1,85,34,0.95,0.12,7.27,1.9,33,0.25,10.4,262,13,0.16,26.8,0
Wild rice (dry)(raw),1.0934375,3,28,369,12.8,1.7,75.7,4.3,8,1.53,108,299,16,5.84,0,0
Yogurt (greek)(plain)(nonfat),0.656,2,170,59,10.3,0.37,3.64,0,111,0.07,10.7,141,36,0.53,0,0
Yogurt (Greek)(plain)(whole milk),0.786,2,170,94,8.78,4.39,4.75,0,111,0.1,10.7,147,34,0.47,0,0.2
Yogurt (Greek)(strawberry)(nonfat),0.67,2,150,82,8.06,0.15,12,0.6,97,0.09,10.4,133,32,0.46,0.2,1
Yogurt (plain)(nonfat),0.528,2,170,50,4.23,0.09,8.08,0,167,0.1,15.2,210,51,0.6,0,0.22
Yogurt (plain)(whole milk),0.648,2,170,78,3.82,4.48,5.57,0,127,0.1,11.4,164,42,0.43,0,0.78
swanson chicken bone broth,0.91,4,100,35,8,0,0,0,10,0.5,0,300,350,0,0,0